pid,query_number,id,cost_SC,cost_input,cost_SC_experiments,cost_input_experiments,cost_SC_difference,cost_input_difference,time_SC,time_input,time_SC_experiment,time_input_experiment,time _SC_difference,time_input_difference,SC_better_time_sc_data,SC_better_time_experiment_data,performance_difference
181,280,181-280,6740.5,31960.49,6740.5,31447.05,0,513.44,64.1695,584.633,80.2648,146.1756,-16.0953,438.4574,1,1,significant
184,77,184-77,14997.44,15612.7,12920.87,14214.41,2076.57,1398.29,89.361,108.952,91.3616,103.2096,-2.0006,5.7424,1,1,significant
184,78,184-78,14997.44,15612.7,12920.87,14214.41,2076.57,1398.29,88.2805,107.628,91.3326,104.7918,-3.0521,2.8362,1,1,significant
184,179,184-179,14997.44,15612.7,12920.87,14214.41,2076.57,1398.29,90.1015,109.489,89.9856,105.3588,0.1159,4.1302,1,1,significant
184,366,184-366,4308.61,4585.48,4363.96,4640.84,-55.35,-55.36,49.0495,63.1175,66.2558,77.6972,-17.2063,-14.5797,1,1,significant
1141,27,1141-27,2721.19,7048.49,2657.65,5883.45,63.54,1165.04,57.132,44.2615,32.0608,33.579,25.0712,10.6825,0,1,not significant
1141,45,1141-45,2721.19,7048.49,2657.65,5883.45,63.54,1165.04,57.0505,44.098,36.8934,32.793,20.1571,11.305,0,0,not significant
1141,59,1141-59,2721.19,7048.49,2657.65,5883.45,63.54,1165.04,56.298,43.4555,31.8792,32.8892,24.4188,10.5663,0,1,not significant
1141,108,1141-108,2721.19,7048.49,2657.65,5883.45,63.54,1165.04,57.9765,44.034,30.9438,31.762,27.0327,12.272,0,1,not significant
1141,144,1141-144,2721.19,7048.49,2657.65,5883.45,63.54,1165.04,58.0515,43.889,36.9412,33.8356,21.1103,10.0534,0,0,not significant
1141,147,1141-147,2721.19,7048.49,2657.65,5883.45,63.54,1165.04,54.368,44.5505,32.9556,32.5648,21.4124,11.9857,0,0,not significant
1729,1,1729-1,1992.96,12097.82,1974.62,4880.29,18.34,7217.53,32.99,161.9255,29.3874,60.3662,3.6026,101.5593,1,1,significant
1729,2,1729-2,2096.56,2337.35,2039.12,2182.15,57.44,155.2,35.2385,34.4045,28.0596,25.7092,7.1789,8.6953,0,0,not significant
1729,5,1729-5,1992.96,10547.78,1974.62,3311.91,18.34,7235.87,33.148,126.0435,25.6414,26.1744,7.5066,99.8691,1,1,not significant
1729,6,1729-6,1992.96,60725.08,1974.62,69828.68,18.34,-9103.6,33.1805,909.4115,28.4444,710.8906,4.7361,198.5209,1,1,significant
1729,17,1729-17,1992.96,10547.78,1974.62,3311.91,18.34,7235.87,33.146,125.171,26.4472,24.6504,6.6988,100.5206,1,0,not significant
1729,21,1729-21,2096.56,10547.78,2039.12,3311.91,57.44,7235.87,36.112,129.903,28.5764,25.2926,7.5356,104.6104,1,0,not significant
1729,50,1729-50,2096.56,10547.78,2039.12,3311.91,57.44,7235.87,37.002,130.239,27.9894,26.537,9.0126,103.702,1,0,not significant
1729,66,1729-66,2096.56,2337.35,2039.12,2182.15,57.44,155.2,36.1715,35.578,28.4728,27.08,7.6987,8.498,0,0,not significant
1729,80,1729-80,1992.96,4430.46,1974.62,4224.96,18.34,205.5,31.8865,71.884,27.3692,62.4862,4.5173,9.3978,1,1,significant
1729,83,1729-83,2096.56,10892.17,2039.12,3519.44,57.44,7372.73,36.661,123.904,29.2288,24.5678,7.4322,99.3362,1,0,not significant
1729,84,1729-84,1992.96,10622.72,1974.62,3359.34,18.34,7263.38,32.993,122.376,25.79,26.445,7.203,95.931,1,1,not significant
1729,91,1729-91,1992.96,12787.21,1974.62,5569.68,18.34,7217.53,33.0925,158.6555,29.032,62.023,4.0605,96.6325,1,1,significant
1729,97,1729-97,1992.96,10547.78,1974.62,3311.91,18.34,7235.87,33.7355,119.6025,28.8098,26.4728,4.9257,93.1297,1,0,not significant
1729,116,1729-116,2096.56,10547.78,2039.12,3311.91,57.44,7235.87,35.514,125.5605,27.9114,24.694,7.6026,100.8665,1,0,not significant
596,2,596-2,2271.15,10825.97,2272.85,10827.77,-1.7,-1.8,40.2575,133.97,38.5044,304.2086,1.7531,-170.2386,1,1,significant
596,4,596-4,2271.15,10841.31,2272.85,10843.22,-1.7,-1.91,43.544,182.469,36.5682,308.9084,6.9758,-126.4394,1,1,significant
596,6,596-6,2271.15,10887.34,2272.85,10889.59,-1.7,-2.25,39.9465,133.563,38.2572,306.8712,1.6893,-173.3082,1,1,significant
596,7,596-7,2271.15,10825.97,2272.85,10827.77,-1.7,-1.8,42.143,132.6475,39.0352,306.2762,3.1078,-173.6287,1,1,significant
596,10,596-10,2271.15,2503.8,2272.85,2507.19,-1.7,-3.39,41.534,86.509,37.1854,95.3098,4.3486,-8.8008,1,1,significant
596,11,596-11,2271.15,2503.8,2272.85,2507.19,-1.7,-3.39,40.403,86.0385,38.7866,93.3738,1.6164,-7.3353,1,1,significant
596,12,596-12,2271.15,10887.34,2272.85,10889.59,-1.7,-2.25,42.802,180.5925,39.6882,304.3416,3.1138,-123.7491,1,1,significant
596,13,596-13,2271.15,10887.34,2272.85,10889.59,-1.7,-2.25,40.764,133.9115,41.0168,308.9556,-0.2528,-175.0441,1,1,significant
596,14,596-14,2271.15,10887.34,2272.85,10889.59,-1.7,-2.25,40.2965,134.943,40.3424,306.5294,-0.0459,-171.5864,1,1,significant
596,15,596-15,2271.15,10887.34,2272.85,10889.59,-1.7,-2.25,40.6535,134.5005,38.7652,317.2586,1.8883,-182.7581,1,1,significant
596,16,596-16,2271.15,10887.34,2272.85,10889.59,-1.7,-2.25,40.67,134.291,38.2674,307.8552,2.4026,-173.5642,1,1,significant
596,17,596-17,2271.15,10887.34,2272.85,10889.59,-1.7,-2.25,40.511,135.8415,38.751,305.6542,1.76,-169.8127,1,1,significant
596,21,596-21,2271.15,2503.8,2272.85,2507.19,-1.7,-3.39,40.694,85.694,37.881,93.7464,2.813,-8.0524,1,1,significant
596,23,596-23,2271.15,10887.34,2272.85,10889.59,-1.7,-2.25,40.577,136.6195,46.4264,307.236,-5.8494,-170.6165,1,1,significant
596,24,596-24,2271.15,10887.34,2272.85,10889.59,-1.7,-2.25,40.865,133.55,37.7416,306.4858,3.1234,-172.9358,1,1,significant
596,26,596-26,2271.15,10887.34,2272.85,10889.59,-1.7,-2.25,41.8875,133.9215,36.9922,311.6854,4.8953,-177.7639,1,1,significant
596,31,596-31,2271.15,10825.97,2272.85,10827.77,-1.7,-1.8,40.86,133.9075,38.6958,301.0986,2.1642,-167.1911,1,1,significant
596,34,596-34,2271.15,10825.97,2272.85,10827.77,-1.7,-1.8,40.6915,134.979,38.131,302.2504,2.5605,-167.2714,1,1,significant
596,52,596-52,2271.15,10887.34,2272.85,10889.59,-1.7,-2.25,40.3,183.0025,36.1772,306.4388,4.1228,-123.4363,1,1,significant
596,53,596-53,2271.15,10887.34,2272.85,10889.59,-1.7,-2.25,41.5075,134.968,37.7812,305.871,3.7263,-170.903,1,1,significant
596,60,596-60,2271.15,10825.97,2272.85,10827.77,-1.7,-1.8,42.018,132.7205,39.1618,303.5736,2.8562,-170.8531,1,1,significant
596,61,596-61,2271.15,10887.34,2272.85,10889.59,-1.7,-2.25,40.7825,133.7295,37.288,307.9746,3.4945,-174.2451,1,1,significant
596,62,596-62,2271.15,10887.34,2272.85,10889.59,-1.7,-2.25,41.7035,133.768,37.849,306.1444,3.8545,-172.3764,1,1,significant
596,63,596-63,2271.15,2503.8,2272.85,2507.19,-1.7,-3.39,41.982,88.7945,37.6998,92.609,4.2822,-3.8145,1,1,significant
596,77,596-77,2271.15,2503.8,2272.85,2507.19,-1.7,-3.39,41.0505,85.746,39.5318,95.6244,1.5187,-9.8784,1,1,significant
596,78,596-78,2271.15,2503.8,2272.85,2507.19,-1.7,-3.39,39.9985,90.909,38.628,94.0242,1.3705,-3.1152,1,1,significant
596,80,596-80,2271.15,10887.34,2272.85,10889.59,-1.7,-2.25,43.5135,134.853,40.6014,309.2914,2.9121,-174.4384,1,1,significant
596,81,596-81,2271.15,10887.34,2272.85,10889.59,-1.7,-2.25,41.544,134.1495,38.053,306.7224,3.491,-172.5729,1,1,significant
596,84,596-84,2271.15,10887.34,2272.85,10889.59,-1.7,-2.25,40.265,134.482,37.0382,307.019,3.2268,-172.537,1,1,significant
596,86,596-86,2271.15,10887.34,2272.85,10889.59,-1.7,-2.25,40.793,176.5005,38.485,309.4196,2.308,-132.9191,1,1,significant
596,89,596-89,2271.15,2503.8,2272.85,2507.19,-1.7,-3.39,40.334,90.1585,39.4432,94.084,0.8908,-3.9255,1,1,significant
596,90,596-90,2271.15,10887.34,2272.85,10889.59,-1.7,-2.25,40.5025,133.603,47.2952,309.5486,-6.7927,-175.9456,1,1,significant
596,91,596-91,2271.15,10887.34,2272.85,10889.59,-1.7,-2.25,41.7225,135.4325,41.1732,308.5906,0.5493,-173.1581,1,1,significant
596,92,596-92,2271.15,10887.34,2272.85,10889.59,-1.7,-2.25,40.368,136.463,38.2954,308.5276,2.0726,-172.0646,1,1,significant
596,93,596-93,2271.15,10887.34,2272.85,10889.59,-1.7,-2.25,41.6725,135.672,38.993,308.8824,2.6795,-173.2104,1,1,significant
596,95,596-95,2271.15,10887.34,2272.85,10889.59,-1.7,-2.25,40.157,134.28,39.1282,305.266,1.0288,-170.986,1,1,significant
596,96,596-96,2271.15,10887.34,2272.85,10889.59,-1.7,-2.25,40.6925,134.0815,37.642,305.9428,3.0505,-171.8613,1,1,significant
596,99,596-99,2271.15,10887.34,2272.85,10889.59,-1.7,-2.25,40.206,137.0965,37.1252,308.3734,3.0808,-171.2769,1,1,significant
596,102,596-102,2271.15,10887.34,2272.85,10889.59,-1.7,-2.25,40.7055,133.543,38.12,301.6446,2.5855,-168.1016,1,1,significant
596,103,596-103,2271.15,10887.34,2272.85,10889.59,-1.7,-2.25,40.468,133.501,36.3644,307.324,4.1036,-173.823,1,1,significant
596,104,596-104,2271.15,10887.34,2272.85,10889.59,-1.7,-2.25,41.034,176.329,37.6528,307.7992,3.3812,-131.4702,1,1,significant
596,107,596-107,2271.15,10887.34,2272.85,10889.59,-1.7,-2.25,40.484,134.134,37.33,308.6648,3.154,-174.5308,1,1,significant
596,108,596-108,2271.15,10887.34,2272.85,10889.59,-1.7,-2.25,41.9355,133.9505,37.9852,315.2222,3.9503,-181.2717,1,1,significant
596,109,596-109,2271.15,10887.34,2272.85,10889.59,-1.7,-2.25,40.7305,134.3635,39.2488,304.2058,1.4817,-169.8423,1,1,significant
596,115,596-115,2271.15,2503.8,2272.85,2507.19,-1.7,-3.39,40.451,91.594,37.0312,93.8874,3.4198,-2.2934,1,1,significant
596,145,596-145,2271.15,10887.34,2272.85,10889.59,-1.7,-2.25,40.4635,140.4215,37.109,304.989,3.3545,-164.5675,1,1,significant
1113,3,1113-3,2176.43,2214.99,2158.21,2173,18.22,41.99,17.4265,16.5355,12.3154,10.3024,5.1111,6.2331,0,0,not significant
1113,6,1113-6,2176.43,2214.75,2158.21,2172.72,18.22,42.03,17.244,17.4435,10.1744,11.5982,7.0696,5.8453,1,1,not significant
1113,7,1113-7,2176.43,2214.75,2158.21,2172.72,18.22,42.03,17.686,16.9305,12.8062,13.4734,4.8798,3.4571,0,1,not significant
1113,11,1113-11,2176.43,2214.75,2158.21,2172.72,18.22,42.03,17.4185,16.533,12.3688,12.7174,5.0497,3.8156,0,1,not significant
1113,18,1113-18,2176.43,2214.75,2158.21,2172.72,18.22,42.03,16.667,16.1005,11.5902,12.5522,5.0768,3.5483,0,1,not significant
1113,24,1113-24,2176.43,2214.75,2158.21,2172.72,18.22,42.03,18.1055,17.6765,11.6812,12.056,6.4243,5.6205,0,1,not significant
1113,34,1113-34,2176.43,2214.75,2158.21,2172.72,18.22,42.03,17.6865,16.1505,10.8684,12.3748,6.8181,3.7757,0,1,not significant
1113,65,1113-65,2176.43,2214.75,2158.21,2172.72,18.22,42.03,17.1905,16.8315,10.8218,11.9982,6.3687,4.8333,0,1,not significant
1113,72,1113-72,2176.43,2214.75,2158.21,2172.72,18.22,42.03,18.048,16.5285,11.2344,11.944,6.8136,4.5845,0,1,not significant
1113,79,1113-79,2176.43,2214.78,2158.21,2172.75,18.22,42.03,17.265,16.79,11.3016,9.5654,5.9634,7.2246,0,0,not significant
1113,97,1113-97,2176.43,2214.75,2158.21,2172.72,18.22,42.03,17.493,16.7895,11.4596,12.8612,6.0334,3.9283,0,1,not significant
1113,102,1113-102,2176.43,2214.75,2158.21,2172.72,18.22,42.03,17.6055,16.3725,10.5016,13.2726,7.1039,3.0999,0,1,not significant
1113,106,1113-106,2176.43,2214.99,2158.21,2173,18.22,41.99,17.5085,16.492,13.786,12.936,3.7225,3.556,0,0,not significant
1113,120,1113-120,2176.43,2214.75,2158.21,2172.72,18.22,42.03,17.142,16.4225,9.95,13.6224,7.192,2.8001,0,1,significant
1113,138,1113-138,2176.43,2214.75,2158.21,2172.72,18.22,42.03,17.151,16.6655,11.4412,12.0518,5.7098,4.6137,0,1,not significant
1113,146,1113-146,2176.43,2214.75,2158.21,2172.72,18.22,42.03,17.242,17.6045,13.5572,12.3322,3.6848,5.2723,1,0,not significant
1113,186,1113-186,2189.15,2228.12,2164.67,2180.7,24.48,47.42,17.935,16.413,12.4116,10.7114,5.5234,5.7016,0,0,not significant
1113,191,1113-191,2176.43,2214.78,2158.21,2172.75,18.22,42.03,17.6125,17.194,11.529,15.5388,6.0835,1.6552,0,1,significant
1113,207,1113-207,2176.43,2214.75,2158.21,2172.72,18.22,42.03,17.366,16.4215,11.194,12.238,6.172,4.1835,0,1,not significant
1113,225,1113-225,2176.43,2214.75,2158.21,2172.72,18.22,42.03,18.705,16.582,11.5414,13.7666,7.1636,2.8154,0,1,not significant
1113,228,1113-228,2182.79,2218.53,2161.44,2174.91,21.35,43.62,17.3235,16.222,10.8096,13.3316,6.5139,2.8904,0,1,not significant
614,14,614-14,6680.22,18209.59,6658.12,18271.08,22.1,-61.49,110.791,566.876,128.6064,371.6398,-17.8154,195.2362,1,1,significant
614,19,614-19,4230.08,17921.91,4232.2,17986.84,-2.12,-64.93,90.1885,569.052,87.7666,379.6932,2.4219,189.3588,1,1,significant
614,24,614-24,6680.22,18209.59,6658.12,18271.08,22.1,-61.49,112.775,595.1915,115.934,371.0048,-3.159,224.1867,1,1,significant
614,27,614-27,6680.22,18209.59,6658.12,18271.08,22.1,-61.49,112.889,585.538,115.2432,376.4288,-2.3542,209.1092,1,1,significant
614,28,614-28,6680.22,18209.59,6658.12,18271.08,22.1,-61.49,111.6185,581.118,116.4708,371.8574,-4.8523,209.2606,1,1,significant
614,35,614-35,6680.72,24807.89,6658.62,24823.68,22.1,-15.79,127.854,621.0215,136.9388,614.8112,-9.0848,6.2103,1,1,significant
614,36,614-36,10872.03,43491.71,10837.09,43691.74,34.94,-200.03,165.4785,603.9865,170.4148,384.5384,-4.9363,219.4481,1,1,significant
614,41,614-41,6680.22,18209.59,6658.12,18271.08,22.1,-61.49,112.4865,564.386,109.6688,374.129,2.8177,190.257,1,1,significant
614,45,614-45,4565.17,17879.71,4569.41,17944.45,-4.24,-64.74,92.8555,565.0135,86.244,377.4696,6.6115,187.5439,1,1,significant
614,73,614-73,4565.17,17879.71,4569.41,17944.45,-4.24,-64.74,92.243,562.6295,84.3278,375.9964,7.9152,186.6331,1,1,significant
614,108,614-108,6680.22,18209.59,6658.12,18271.08,22.1,-61.49,114.954,611.2225,110.0924,372.65,4.8616,238.5725,1,1,significant
614,110,614-110,6680.22,18209.59,6658.12,18271.08,22.1,-61.49,115.2385,585.63,109.6462,367.9698,5.5923,217.6602,1,1,significant
614,113,614-113,6680.72,24807.89,6658.62,24823.68,22.1,-15.79,126.5895,627.5245,128.6738,622.2238,-2.0843,5.3007,1,1,significant
614,121,614-121,6680.22,18209.59,6658.12,18271.08,22.1,-61.49,111.16,574.812,109.5476,368.2086,1.6124,206.6034,1,1,significant
614,129,614-129,6680.72,24807.89,6658.62,24823.68,22.1,-15.79,124.397,680.6865,127.9624,618.0106,-3.5654,62.6759,1,1,significant
614,146,614-146,6680.72,25309.16,6658.62,25327.44,22.1,-18.28,130.4575,695.4875,128.8686,625.6968,1.5889,69.7907,1,1,significant
614,153,614-153,4565.17,12453.01,4569.41,12470.57,-4.24,-17.56,92.5365,219.543,85.296,223.2026,7.2405,-3.6596,1,1,significant
614,155,614-155,4565.17,17879.71,4569.41,17944.45,-4.24,-64.74,93.493,580.231,89.5436,372.3298,3.9494,207.9012,1,1,significant
614,163,614-163,6680.22,18209.59,6658.12,18271.08,22.1,-61.49,113.1565,585.3425,120.0448,369.0486,-6.8883,216.2939,1,1,significant
614,197,614-197,6680.22,18209.59,6658.12,18271.08,22.1,-61.49,111.067,586.3555,110.0034,369.3498,1.0636,217.0057,1,1,significant
614,200,614-200,4886.78,9257.91,4894.2,9333.78,-7.42,-75.87,94.72,213.235,86.1916,186.883,8.5284,26.352,1,1,significant
614,212,614-212,4886.78,9257.91,4894.2,9333.78,-7.42,-75.87,93.143,211.489,84.9814,187.3102,8.1616,24.1788,1,1,significant
614,220,614-220,6680.22,18209.59,6658.12,18271.08,22.1,-61.49,111.8105,587.507,109.2496,377.3774,2.5609,210.1296,1,1,significant
614,222,614-222,6680.22,18209.59,6658.12,18271.08,22.1,-61.49,113.6155,580.8815,113.9156,370.912,-0.3001,209.9695,1,1,significant
614,225,614-225,4565.17,17879.71,4569.41,17944.45,-4.24,-64.74,93.528,558.8605,86.37,374.2258,7.158,184.6347,1,1,significant
614,228,614-228,4565.17,17879.71,4569.41,17944.45,-4.24,-64.74,91.9355,573.9835,85.1474,373.5868,6.7881,200.3967,1,1,significant
614,237,614-237,6680.22,18209.59,6658.12,18271.08,22.1,-61.49,112.1,562.037,109.604,374.4794,2.496,187.5576,1,1,significant
614,245,614-245,6680.22,18209.59,6658.12,18271.08,22.1,-61.49,112.527,602.3825,109.227,373.784,3.3,228.5985,1,1,significant
614,258,614-258,6680.22,18209.59,6658.12,18271.08,22.1,-61.49,114.0495,575.0175,111.888,374.38,2.1615,200.6375,1,1,significant
614,290,614-290,4565.17,17879.71,4569.41,17944.45,-4.24,-64.74,90.58,565.7415,85.086,367.3414,5.494,198.4001,1,1,significant
614,338,614-338,4565.17,12453.01,4569.41,12470.57,-4.24,-17.56,91.0265,195.7375,83.0968,222.5414,7.9297,-26.8039,1,1,significant
614,360,614-360,6680.22,18209.59,6658.12,18271.08,22.1,-61.49,112.36,582.0465,112.2198,377.7944,0.1402,204.2521,1,1,significant
614,363,614-363,6680.22,53506.01,6658.12,53509.58,22.1,-3.57,110.4865,240.2345,110.0896,216.6438,0.3969,23.5907,1,1,significant
614,365,614-365,6680.22,18209.59,6658.12,18271.08,22.1,-61.49,115.45,596.4275,109.6236,380.455,5.8264,215.9725,1,1,significant
614,366,614-366,4230.08,17921.91,4232.2,17986.84,-2.12,-64.93,196.528,568.492,86.7444,375.6746,109.7836,192.8174,1,1,significant
614,367,614-367,4565.17,17879.71,4569.41,17944.45,-4.24,-64.74,93.7245,567.181,84.958,374.7418,8.7665,192.4392,1,1,significant
614,369,614-369,4565.17,12453.01,4569.41,12470.57,-4.24,-17.56,92.4765,215.3255,97.2742,221.561,-4.7977,-6.2355,1,1,significant
614,372,614-372,6680.22,18209.59,6658.12,18271.08,22.1,-61.49,112.958,581.9,110.4972,372.0576,2.4608,209.8424,1,1,significant
1077,121,1077-121,17314.39,26947.2,17314.39,26947.2,0,0,181.7455,245.725,157.6636,218.3874,24.0819,27.3376,1,1,significant
1077,181,1077-181,14406.34,23289.15,14406.34,23289.15,0,0,122.0805,178.268,107.7666,167.153,14.3139,11.115,1,1,significant
1149,1,1149-1,3283.5,10979.15,3283.5,10979.15,0,0,137.8245,114.235,147.074,126.0738,-9.2495,-11.8388,0,0,not significant
1149,5,1149-5,3283.5,11012.48,3283.5,11012.48,0,0,139.759,110.8665,148.6174,128.3994,-8.8584,-17.5329,0,0,not significant
1149,6,1149-6,2594.12,10979.15,2594.12,10979.15,0,0,115.361,114.2965,119.1802,126.0294,-3.8192,-11.7329,0,1,significant
1149,7,1149-7,2594.12,11012.48,2594.12,11012.48,0,0,107.89,112.8485,121.8004,126.872,-13.9104,-14.0235,1,1,not significant
1149,9,1149-9,2594.12,11012.48,2594.12,11012.48,0,0,109.2115,110.502,119.4998,125.5714,-10.2883,-15.0694,1,1,significant
1149,17,1149-17,2594.12,10979.15,2594.12,10979.15,0,0,112.021,110.4885,120.5908,134.8812,-8.5698,-24.3927,0,1,significant
1149,18,1149-18,2594.12,10979.15,2594.12,10979.15,0,0,105.648,112.94,119.4914,127.6996,-13.8434,-14.7596,1,1,significant
1149,23,1149-23,3283.5,10979.15,3283.5,10979.15,0,0,136.729,110.5045,148.4156,126.649,-11.6866,-16.1445,0,0,not significant
1149,24,1149-24,2594.12,10979.15,2594.12,10979.15,0,0,111.529,113.5525,121.6454,125.4008,-10.1164,-11.8483,1,1,not significant
1149,32,1149-32,2594.12,11012.48,2594.12,11012.48,0,0,112.918,116.14,121.9112,128.7104,-8.9932,-12.5704,1,1,significant
1149,33,1149-33,2594.12,11012.48,2594.12,11012.48,0,0,111.4305,113.1725,119.2174,128.8118,-7.7869,-15.6393,1,1,significant
1149,37,1149-37,2594.12,11012.48,2594.12,11012.48,0,0,113.863,117.123,119.2932,127.46,-5.4302,-10.337,1,1,significant
1149,52,1149-52,2594.12,10979.15,2594.12,10979.15,0,0,110.188,112.9075,117.6854,125.093,-7.4974,-12.1855,1,1,significant
1149,53,1149-53,2594.12,10979.15,2594.12,10979.15,0,0,113.4215,111.257,119.1818,126.8254,-5.7603,-15.5684,0,1,significant
1149,77,1149-77,2594.12,11012.48,2594.12,11012.48,0,0,107.046,113.8335,119.6544,126.374,-12.6084,-12.5405,1,1,significant
1149,81,1149-81,3283.5,11022.63,3283.5,11022.63,0,0,138.429,117.245,148.6836,125.4612,-10.2546,-8.2162,0,0,not significant
1149,87,1149-87,2594.12,11012.48,2594.12,11012.48,0,0,107.553,115.3155,120.3684,124.7888,-12.8154,-9.4733,1,1,not significant
1149,93,1149-93,2594.12,11080.95,2594.12,11080.95,0,0,106.238,137.0055,119.467,139.2612,-13.229,-2.2557,1,1,significant
1149,99,1149-99,2594.12,11012.48,2594.12,11012.48,0,0,107.7265,110.171,118.6348,126.0686,-10.9083,-15.8976,1,1,significant
1149,101,1149-101,2594.12,11012.48,2594.12,11012.48,0,0,109.417,115.57,119.143,125.3834,-9.726,-9.8134,1,1,significant
1149,105,1149-105,2594.12,11012.48,2594.12,11012.48,0,0,104.4045,116.0645,122.3866,133.9712,-17.9821,-17.9067,1,1,significant
1149,111,1149-111,2594.12,11012.98,2594.12,11012.98,0,0,110.181,114.9955,120.3606,126.6818,-10.1796,-11.6863,1,1,significant
1149,132,1149-132,2594.12,11248.6,2594.12,11248.6,0,0,114.671,119.5055,118.778,129.7332,-4.107,-10.2277,1,1,significant
1149,137,1149-137,2594.12,10979.15,2594.12,10979.15,0,0,108.595,119.038,122.0194,125.6056,-13.4244,-6.5676,1,1,not significant
1149,158,1149-158,3283.5,11012.48,3283.5,11012.48,0,0,140.0395,116.7585,147.8082,126.3562,-7.7687,-9.5977,0,0,not significant
1149,160,1149-160,2594.12,11012.48,2594.12,11012.48,0,0,110.355,116.431,120.2806,127.238,-9.9256,-10.807,1,1,significant
1149,161,1149-161,2594.12,11022.63,2594.12,11022.63,0,0,113.6095,115.8815,120.5344,127.5442,-6.9249,-11.6627,1,1,significant
1149,167,1149-167,2594.12,10979.15,2594.12,10979.15,0,0,112.804,115.3325,120.6266,127.1184,-7.8226,-11.7859,1,1,significant
182,1,182-1,10544.95,10727.81,10544.43,10727.11,0.52,0.7,62.773,86.017,65.7898,71.0056,-3.0168,15.0114,1,1,significant
182,2,182-2,10544.95,10727.81,10544.43,10727.11,0.52,0.7,57.573,87.466,59.4812,66.8686,-1.9082,20.5974,1,1,significant
182,20,182-20,10544.95,10727.81,10544.43,10727.11,0.52,0.7,57.0535,91.7465,62.1314,70.3794,-5.0779,21.3671,1,1,significant
182,24,182-24,10544.95,10691.24,10544.43,10690.58,0.52,0.66,57.4275,60.027,60.9128,59.3946,-3.4853,0.6324,1,0,not significant
182,29,182-29,10544.95,10691.24,10544.43,10690.58,0.52,0.66,58.5425,58.8385,61.309,59.6036,-2.7665,-0.7651,1,0,not significant
182,30,182-30,10544.95,10691.24,10544.43,10690.58,0.52,0.66,57.6015,59.017,60.6298,58.9354,-3.0283,0.0816,1,0,not significant
182,31,182-31,10544.95,10691.24,10544.43,10690.58,0.52,0.66,57.0475,60.0815,60.9896,59.1052,-3.9421,0.9763,1,0,not significant
182,32,182-32,10544.95,10691.24,10544.43,10690.58,0.52,0.66,60.1195,59.308,61.1714,61.3386,-1.0519,-2.0306,0,1,not significant
182,36,182-36,10544.95,10691.24,10544.43,10690.58,0.52,0.66,58.1725,59.3535,61.4128,58.7122,-3.2403,0.6413,1,0,not significant
182,37,182-37,10544.95,10691.24,10544.43,10690.58,0.52,0.66,56.7805,59.2215,59.6864,60.2162,-2.9059,-0.9947,1,1,not significant
182,48,182-48,10544.95,13291.4,10544.43,13290.87,0.52,0.53,57.344,154.998,63.7148,481.938,-6.3708,-326.94,1,1,significant
182,65,182-65,10544.95,11593.6,10544.43,11591.97,0.52,1.63,56.011,81.5375,62.792,173.2142,-6.781,-91.6767,1,1,significant
182,76,182-76,10544.95,10691.24,10544.43,10690.58,0.52,0.66,64.55,62.497,61.633,63.041,2.917,-0.544,0,1,not significant
182,77,182-77,10544.95,10691.24,10544.43,10690.58,0.52,0.66,57.2565,58.8545,61.1566,59.8602,-3.9001,-1.0057,1,0,not significant
182,87,182-87,10544.95,10691.24,10544.43,10690.58,0.52,0.66,56.235,59.9195,57.293,58.077,-1.058,1.8425,1,1,not significant
182,89,182-89,10544.95,10691.24,10544.43,10690.58,0.52,0.66,59.5335,58.664,62.938,68.9978,-3.4045,-10.3338,0,1,not significant
182,113,182-113,10544.95,10691.24,10544.43,10690.58,0.52,0.66,56.952,59.095,61.3318,60.6374,-4.3798,-1.5424,1,0,not significant
182,131,182-131,10544.95,10691.24,10544.43,10690.58,0.52,0.66,57.584,60.1965,60.7502,60.1914,-3.1662,0.0051,1,0,not significant
182,134,182-134,10544.95,10691.24,10544.43,10690.58,0.52,0.66,57.736,65.844,62.999,59.6604,-5.263,6.1836,1,0,not significant
182,136,182-136,10544.95,10691.24,10544.43,10690.58,0.52,0.66,58.964,59.9465,61.0354,60.2018,-2.0714,-0.2553,1,0,not significant
182,137,182-137,10544.95,10691.24,10544.43,10690.58,0.52,0.66,56.698,58.999,56.9034,56.994,-0.2054,2.005,1,1,not significant
182,140,182-140,10544.95,10691.24,10544.43,10690.58,0.52,0.66,57.286,59.4815,61.2484,59.413,-3.9624,0.0685,1,0,not significant
182,141,182-141,10544.95,10691.24,10544.43,10690.58,0.52,0.66,60.7525,61.093,60.632,62.5298,0.1205,-1.4368,1,1,not significant
182,142,182-142,10544.95,10691.24,10544.43,10690.58,0.52,0.66,56.632,59.6365,61.8928,68.3784,-5.2608,-8.7419,1,1,not significant
182,146,182-146,10544.95,10691.24,10544.43,10690.58,0.52,0.66,59.5485,59.3625,61.0512,61.3216,-1.5027,-1.9591,0,1,not significant
182,183,182-183,10544.95,10729.81,10544.43,10729.11,0.52,0.7,57.3195,91.7065,61.3112,69.2862,-3.9917,22.4203,1,1,significant
182,196,182-196,10544.95,10729.81,10544.43,10729.11,0.52,0.7,61.1645,89.111,59.1896,67.4896,1.9749,21.6214,1,1,significant
182,198,182-198,10544.95,10691.24,10544.43,10690.58,0.52,0.66,59.336,58.798,61.5092,58.8844,-2.1732,-0.0864,0,0,not significant
182,200,182-200,10544.95,10691.24,10544.43,10690.58,0.52,0.66,57.2305,58.6365,60.9014,58.812,-3.6709,-0.1755,1,0,not significant
182,206,182-206,10544.95,10691.24,10544.43,10690.58,0.52,0.66,55.9165,59.5845,61.5584,60.5504,-5.6419,-0.9659,1,0,not significant
182,207,182-207,10544.95,10691.24,10544.43,10690.58,0.52,0.66,56.7075,66.66,60.4986,59.808,-3.7911,6.852,1,0,not significant
182,209,182-209,10544.95,10691.24,10544.43,10690.58,0.52,0.66,60.465,60.0095,61.4344,60.7334,-0.9694,-0.7239,0,0,not significant
182,231,182-231,10544.95,10691.24,10544.43,10690.58,0.52,0.66,57.0495,59.1985,56.9846,57.2048,0.0649,1.9937,1,1,not significant
182,232,182-232,10544.95,10691.24,10544.43,10690.58,0.52,0.66,57.7715,59.5095,60.3916,58.8998,-2.6201,0.6097,1,0,not significant
1532,1,1532-1,22886.61,25474.11,22886.61,23806.41,0,1667.7,281.4985,359.8035,322.7168,529.8342,-41.2183,-170.0307,1,1,significant
1532,15,1532-15,22886.61,25474.11,22886.61,23806.41,0,1667.7,266.855,348.3855,313.235,531.751,-46.38,-183.3655,1,1,significant
585,231,585-231,27942.07,28784.66,27942.07,28784.66,0,0,193.8275,200.5675,252.1992,254.5718,-58.3717,-54.0043,1,1,not significant
1677,12,1677-12,3529.61,4219,3529.61,4219,0,0,67.796,75.3035,60.2982,93.5888,7.4978,-18.2853,1,1,significant
1677,191,1677-191,3529.61,4219,3529.61,4219,0,0,72.0515,74.9285,58.8472,91.3806,13.2043,-16.4521,1,1,significant
1677,192,1677-192,3529.61,4219,3529.61,4219,0,0,67.181,75.123,59.8058,92.7672,7.3752,-17.6442,1,1,significant
1677,196,1677-196,3529.61,4219,3529.61,4219,0,0,67.5865,75.799,61.3656,91.266,6.2209,-15.467,1,1,significant
1677,198,1677-198,3529.61,4219,3529.61,4219,0,0,67.498,76,60.1024,92.0774,7.3956,-16.0774,1,1,significant
1677,223,1677-223,3529.61,4219,3529.61,4219,0,0,67.37,75.922,62.1208,91.5102,5.2492,-15.5882,1,1,significant
1677,267,1677-267,3529.61,4219,3529.61,4219,0,0,67.4955,77.014,62.841,93.5338,4.6545,-16.5198,1,1,significant
1677,269,1677-269,4072.18,4219,4068.04,4219,4.14,0,77.131,75.307,71.0944,91.7324,6.0366,-16.4254,0,1,significant
1677,270,1677-270,4072.18,4219,4068.04,4219,4.14,0,73.047,74.691,71.4542,91.4324,1.5928,-16.7414,1,1,significant
1677,278,1677-278,3529.61,4219,3529.61,4219,0,0,67.236,75.277,61.6076,93.292,5.6284,-18.015,1,1,significant
1677,282,1677-282,3529.61,4219,3529.61,4219,0,0,67.321,75.62,60.1978,92.636,7.1232,-17.016,1,1,significant
1677,283,1677-283,4072.18,4219,4068.04,4219,4.14,0,75.176,74.6285,71.9858,90.4896,3.1902,-15.8611,0,1,significant
570,85,570-85,4488.99,13057.58,4489.24,13057.84,-0.25,-0.26,101.4435,102.359,50.648,98.8244,50.7955,3.5346,1,1,significant
570,88,570-88,16277.89,17141.39,16277.89,17141.39,0,0,153.439,247.7955,184.3986,192.2056,-30.9596,55.5899,1,1,not significant
570,115,570-115,4488.99,13043.81,4489.24,13044.06,-0.25,-0.25,103.269,98.8365,50.9462,97.415,52.3228,1.4215,0,1,significant
1069,5,1069-5,2147,12291.82,2147,12291.82,0,0,33.522,94.2525,24.798,92.0402,8.724,2.2123,1,1,significant
1069,8,1069-8,2147,2439.11,2147,2439.11,0,0,33.042,48.212,26.2758,39.682,6.7662,8.53,1,1,significant
1069,18,1069-18,2147,2439.11,2147,2439.11,0,0,33.122,48.603,25.226,38.727,7.896,9.876,1,1,significant
1069,23,1069-23,2147,2439.11,2147,2439.11,0,0,32.302,48.5505,24.3412,45.7044,7.9608,2.8461,1,1,significant
1069,24,1069-24,2147,2439.11,2147,2439.11,0,0,32.86,48.63,26.0566,42.5482,6.8034,6.0818,1,1,significant
1069,29,1069-29,2147,2439.11,2147,2439.11,0,0,33.69,48.208,25.2728,38.9322,8.4172,9.2758,1,1,significant
1069,30,1069-30,2147,2439.11,2147,2439.11,0,0,32.199,47.998,25.0514,40.5796,7.1476,7.4184,1,1,significant
1069,71,1069-71,2147,2439.11,2147,2439.11,0,0,32.624,48.817,25.8722,38.5536,6.7518,10.2634,1,1,significant
1069,73,1069-73,2147,2439.11,2147,2439.11,0,0,32.8955,48.6665,25.1458,40.6828,7.7497,7.9837,1,1,significant
1069,76,1069-76,2147,2439.11,2147,2439.11,0,0,33.195,47.999,27.5632,38.3766,5.6318,9.6224,1,1,significant
1069,83,1069-83,2147,2439.11,2147,2439.11,0,0,32.416,48.8235,26.3908,38.328,6.0252,10.4955,1,1,significant
1069,93,1069-93,2147,2439.11,2147,2439.11,0,0,32.7635,48.842,25.3708,39.7152,7.3927,9.1268,1,1,significant
1069,95,1069-95,2147,2439.11,2147,2439.11,0,0,32.6475,48.1395,25.4682,46.4498,7.1793,1.6897,1,1,significant
1069,96,1069-96,2147,2439.11,2147,2439.11,0,0,32.452,47.9065,26.0772,37.8412,6.3748,10.0653,1,1,significant
1069,107,1069-107,2147,2439.11,2147,2439.11,0,0,32.4775,48.0085,25.5584,42.2792,6.9191,5.7293,1,1,significant
1069,111,1069-111,2172.14,2204.33,2172.14,2204.33,0,0,33.4805,33.3955,26.226,24.6816,7.2545,8.7139,0,0,not significant
1069,112,1069-112,2147,12541.82,2147,12541.82,0,0,33.2065,104.1685,24.7804,102.8138,8.4261,1.3547,1,1,significant
1069,115,1069-115,2147,2454.11,2147,2454.11,0,0,32.9905,48.1685,26.3412,41.1472,6.6493,7.0213,1,1,significant
1069,121,1069-121,2147,2439.11,2147,2439.11,0,0,33.0665,48.228,27.505,39.5262,5.5615,8.7018,1,1,significant
1069,122,1069-122,2147,2439.11,2147,2439.11,0,0,32.633,48.1755,23.8992,38.5048,8.7338,9.6707,1,1,significant
1069,124,1069-124,2147,2439.11,2147,2439.11,0,0,32.3755,48.104,24.5774,38.9282,7.7981,9.1758,1,1,significant
1069,126,1069-126,2147,2439.11,2147,2439.11,0,0,32.2465,49.018,24.6368,41.0012,7.6097,8.0168,1,1,significant
1069,142,1069-142,2147,2439.11,2147,2439.11,0,0,32.9065,47.8975,24.1886,38.075,8.7179,9.8225,1,1,significant
1069,214,1069-214,2147,2439.11,2147,2439.11,0,0,32.6635,47.892,25.4354,39.0272,7.2281,8.8648,1,1,significant
1821,3,1821-3,2041,2067.61,2041,2066.93,0,0.68,19.404,22.866,10.1518,11.976,9.2522,10.89,1,1,not significant
1821,6,1821-6,2041,2067.61,2041,2066.93,0,0.68,19.3005,21.1495,11.3902,12.0976,7.9103,9.0519,1,1,not significant
1821,10,1821-10,2041,2067.61,2041,2066.93,0,0.68,19.499,20.524,11.8518,12.1388,7.6472,8.3852,1,1,not significant
1821,11,1821-11,2041,2067.61,2041,2066.93,0,0.68,19.714,22.5,13.3368,15.1662,6.3772,7.3338,1,1,not significant
1821,28,1821-28,2041,2067.61,2041,2066.93,0,0.68,19.2345,20.714,12.3284,11.0072,6.9061,9.7068,1,0,not significant
1821,89,1821-89,2041,2067.61,2041,2066.93,0,0.68,18.9885,22.1065,11.0332,13.0916,7.9553,9.0149,1,1,not significant
1821,98,1821-98,2041,2067.61,2041,2066.93,0,0.68,21.044,21.8035,11.5138,13.5414,9.5302,8.2621,1,1,not significant
1821,106,1821-106,1869.45,3748.33,1868.24,3746.13,1.21,2.2,21.9405,41.58,12.0366,27.635,9.9039,13.945,1,1,significant
1821,116,1821-116,2041,2062.44,2041,2061.89,0,0.55,19.351,19.4115,11.3096,12.7124,8.0414,6.6991,1,1,not significant
1821,117,1821-117,1880.81,2214.62,1879.42,2207.59,1.39,7.03,21.681,90.676,12.62,14.1504,9.061,76.5256,1,1,not significant
1821,118,1821-118,1869.45,2203.26,1868.24,2196.41,1.21,6.85,23.7,93.664,11.1672,16.6692,12.5328,76.9948,1,1,significant
1821,149,1821-149,2041,2067.61,2041,2066.93,0,0.68,19.883,21.855,11.5782,15.9702,8.3048,5.8848,1,1,significant
1821,207,1821-207,1869.45,2203.26,1868.24,2196.41,1.21,6.85,21.928,88.1125,13.004,13.983,8.924,74.1295,1,1,not significant
1821,208,1821-208,1869.45,1890.03,1868.24,1888.53,1.21,1.5,21.6625,24.665,12.588,14.4646,9.0745,10.2004,1,1,not significant
1821,209,1821-209,2041,2067.61,2041,2066.93,0,0.68,18.9745,23.6955,12.5116,12.0174,6.4629,11.6781,1,0,not significant
1821,228,1821-228,1880.81,1901.38,1879.42,1899.71,1.39,1.67,22.5825,24.239,13.7704,13.1912,8.8121,11.0478,1,0,not significant
1050,5,1050-5,2416,2449.33,2416,2449.33,0,0,60.485,59.973,41.424,42.0276,19.061,17.9454,0,1,not significant
1050,13,1050-13,2416,2449.33,2416,2449.33,0,0,63.4765,60.1995,42.7434,44.1882,20.7331,16.0113,0,1,not significant
1050,16,1050-16,2416,10970.82,2416,10970.82,0,0,62.831,139.502,42.6208,108.3856,20.2102,31.1164,1,1,significant
1050,25,1050-25,2416,10970.82,2416,10970.82,0,0,61.9795,131.146,43.7474,108.1428,18.2321,23.0032,1,1,significant
1050,27,1050-27,2416,2691,2416,2691,0,0,60.4085,65.552,43.9146,44.9676,16.4939,20.5844,1,1,not significant
1050,41,1050-41,2416,10970.82,2416,10970.82,0,0,59.855,127.763,42.7366,107.4268,17.1184,20.3362,1,1,significant
1050,54,1050-54,2416,2449.33,2416,2449.33,0,0,60.3,60.2665,43.4056,40.8324,16.8944,19.4341,0,0,not significant
1050,62,1050-62,2416,10970.82,2416,10970.82,0,0,61.2125,138.402,45.0446,142.6202,16.1679,-4.2182,1,1,significant
1050,67,1050-67,2416,2449.33,2416,2449.33,0,0,67.0605,59.603,42.2854,43.3688,24.7751,16.2342,0,1,not significant
1050,83,1050-83,2416,2449.33,2416,2449.33,0,0,60.754,61.586,41.0112,41.1562,19.7428,20.4298,1,1,not significant
1050,149,1050-149,2416,11020.82,2416,11020.82,0,0,61.0545,134.455,43.3634,111.0852,17.6911,23.3698,1,1,significant
1050,151,1050-151,2416,13762.49,2416,13762.49,0,0,60.2715,128.2565,43.8194,133.3126,16.4521,-5.0561,1,1,significant
1050,152,1050-152,2416,2465.99,2416,2465.99,0,0,64.604,59.2535,45.3944,51.4078,19.2096,7.8457,0,1,significant
1050,153,1050-153,2416,2465.99,2416,2465.99,0,0,60.6975,60.8095,42.4282,51.5108,18.2693,9.2987,1,1,significant
1050,154,1050-154,2449.33,4581.77,2449.33,4590.33,0,-8.56,60.185,79.346,43.6292,93.6834,16.5558,-14.3374,1,1,significant
534,1,534-1,11845.82,13385.21,6722.28,8261.66,5123.54,5123.55,116.235,224.42,100.7674,231.9696,15.4676,-7.5496,1,1,significant
534,3,534-3,3005.39,151427.91,3005.39,286744.31,0,-135316.4,171.116,4925.264,179.7844,4750.59,-8.6684,174.674,1,1,significant
534,4,534-4,3005.39,151427.91,3005.39,283313.02,0,-131885.11,169.481,5074.751,175.7546,5113.8196,-6.2736,-39.0686,1,1,significant
534,10,534-10,3005.39,151427.91,3005.39,283313.02,0,-131885.11,175.834,4972.149,177.2406,5108.964,-1.4066,-136.815,1,1,significant
534,11,534-11,3005.39,151427.91,3005.39,286744.31,0,-135316.4,177.224,4855.963,176.7438,4765.2844,0.4802,90.6786,1,1,significant
534,65,534-65,3005.39,151427.91,3005.39,283313.02,0,-131885.11,166.083,5165.433,176.2126,5133.0018,-10.1296,32.4312,1,1,significant
534,66,534-66,3005.39,151427.91,3005.39,283313.02,0,-131885.11,162.019,5081.965,175.6286,5131.4598,-13.6096,-49.4948,1,1,significant
534,67,534-67,3005.39,151427.91,3005.39,283313.02,0,-131885.11,166.562,5060.074,183.1976,5131.0542,-16.6356,-70.9802,1,1,significant
534,71,534-71,11845.82,21400.64,6722.28,16277.1,5123.54,5123.54,119.659,147.99,99.6522,144.8612,20.0068,3.1288,1,1,significant
534,81,534-81,3005.39,151427.91,3005.39,283313.02,0,-131885.11,165.862,5145.584,177.1182,5131.6008,-11.2562,13.9832,1,1,significant
534,82,534-82,3005.39,151427.91,3005.39,283313.02,0,-131885.11,159.749,4982.83,185.2426,5115.4482,-25.4936,-132.6182,1,1,significant
534,85,534-85,3005.39,151427.91,3005.39,286744.31,0,-135316.4,184.737,5085.25,176.1802,4734.868,8.5568,350.382,1,1,significant
534,90,534-90,3005.39,344123.43,3005.39,285477.02,0,58646.41,163.831,4286.635,178.8546,8547.7276,-15.0236,-4261.0926,1,1,significant
534,93,534-93,3005.39,151427.91,3005.39,283313.02,0,-131885.11,174.305,4869.365,174.0498,5098.241,0.2552,-228.876,1,1,significant
534,95,534-95,3005.39,151427.91,3005.39,283313.02,0,-131885.11,184.184,5131.665,174.5426,5129.3786,9.6414,2.2864,1,1,significant
534,100,534-100,3005.39,151427.91,3005.39,283313.02,0,-131885.11,160,5005.336,176.5398,5140.0554,-16.5398,-134.7194,1,1,significant
534,105,534-105,3005.39,151427.91,3005.39,283313.02,0,-131885.11,175.348,4649.068,175.4622,5136.4498,-0.1142,-487.3818,1,1,significant
534,112,534-112,3005.39,810144.77,3005.39,748113.53,0,62031.24,159.541,4463.415,176.9374,4885.8486,-17.3964,-422.4336,1,1,significant
534,113,534-113,3005.39,151427.91,3005.39,286744.31,0,-135316.4,170.123,5048.823,175.8072,4739.791,-5.6842,309.032,1,1,significant
534,115,534-115,3005.39,151427.91,3005.39,283313.02,0,-131885.11,162.832,4978.859,177.9626,5185.5096,-15.1306,-206.6506,1,1,significant
534,116,534-116,3005.39,151427.91,3005.39,283313.02,0,-131885.11,158.888,5054.783,176.502,5211.293,-17.614,-156.51,1,1,significant
534,117,534-117,3005.39,151427.91,3005.39,286744.31,0,-135316.4,166.204,4904.735,175.2494,4731.0148,-9.0454,173.7202,1,1,significant
534,123,534-123,3192.89,3355.39,3192.89,3355.39,0,0,244.714,180.401,257.5908,197.9498,-12.8768,-17.5488,0,0,not significant
534,136,534-136,3005.39,151427.91,3005.39,286744.31,0,-135316.4,178.149,5249.668,178.8008,4726.592,-0.6518,523.076,1,1,significant
534,163,534-163,11845.82,19402.43,6722.28,14278.89,5123.54,5123.54,176.967,254.914,99.6216,136.0682,77.3454,118.8458,1,1,significant
534,212,534-212,3005.39,151427.91,3005.39,283313.02,0,-131885.11,169.782,4938.433,177.4926,5191.245,-7.7106,-252.812,1,1,significant
534,213,534-213,3005.39,151427.91,3005.39,285477.02,0,-134049.11,171.24,4805.164,176.8354,8394.833,-5.5954,-3589.669,1,1,significant
534,215,534-215,3005.39,435347.93,3005.39,291644.31,0,143703.62,178.563,4773.135,180.8386,4735.5912,-2.2756,37.5438,1,1,significant
1364,10,1364-10,27412.07,166038.23,27369.83,166031.23,42.24,7,855.153,1849.903,219.9722,1160.1376,635.1808,689.7654,1,1,significant
1364,15,1364-15,29699.06,197046.48,29679.44,197046.48,19.62,0,1262.6205,1199.486,1034.0162,1201.9314,228.6043,-2.4454,0,1,significant
1364,43,1364-43,79756.27,203607.18,78696.15,203547.71,1060.12,59.47,882.231,1687.4755,142.3438,863.0256,739.8872,824.4499,1,1,significant
1364,188,1364-188,76599.1,149350.5,75585.47,149168.73,1013.63,181.77,860.4455,1212.2285,142.3828,889.218,718.0627,323.0105,1,1,significant
1364,204,1364-204,29845.81,197193.23,29819.19,197186.23,26.62,7,1242.214,1900.241,1018.856,1191.462,223.358,708.779,1,1,significant
1364,228,1364-228,32163.1,203607.18,31765.25,203547.71,397.85,59.47,920.3885,1992.6575,215.2212,1312.6552,705.1673,680.0023,1,1,significant
1364,233,1364-233,79756.27,203607.18,78696.15,203547.71,1060.12,59.47,860.8045,1712.989,142.4802,854.342,718.3243,858.647,1,1,significant
1303,14,1303-14,770057.29,1687746.31,770057.29,1683866.79,0,3879.52,2874.9345,6248.056,4144.258,4104.9238,-1269.3235,2143.1322,1,0,not significant
1303,15,1303-15,12064.92,12236.93,12064.92,12236.93,0,0,102.296,92.8805,93.6316,86.332,8.6644,6.5485,0,0,not significant
1303,23,1303-23,11497.82,20052.64,11497.82,20052.64,0,0,80.665,124.2,78.0738,128.7186,2.5912,-4.5186,1,1,significant
1303,32,1303-32,11497.82,20052.64,11497.82,20052.64,0,0,78.6045,122.1265,85.6364,125.7054,-7.0319,-3.5789,1,1,significant
1303,35,1303-35,11497.82,13355.11,11497.82,13355.11,0,0,82.0145,99.2745,76.9268,93.0542,5.0877,6.2203,1,1,significant
1303,37,1303-37,12064.92,12236.93,12064.92,12236.93,0,0,98.1015,91.344,93.9698,84.9444,4.1317,6.3996,0,0,not significant
1303,41,1303-41,12064.92,12236.93,12064.92,12236.93,0,0,96.087,92.609,93.9048,88.1062,2.1822,4.5028,0,0,not significant
1303,72,1303-72,12064.92,12236.93,12064.92,12236.93,0,0,98.4165,90.294,94.5222,88.4556,3.8943,1.8384,0,0,not significant
1303,82,1303-82,12064.92,12236.93,12064.92,12236.93,0,0,99.993,90.456,94.4908,87.6826,5.5022,2.7734,0,0,not significant
1303,86,1303-86,12064.92,20619.75,12064.92,20619.75,0,0,101.4145,138.6805,94.3884,136.6316,7.0261,2.0489,1,1,significant
1303,88,1303-88,11497.82,19880.63,11497.82,19880.63,0,0,78.5855,130.371,78.4758,136.082,0.1097,-5.711,1,1,significant
1303,90,1303-90,12064.92,12236.93,12064.92,12236.93,0,0,97.9885,92.136,93.9892,85.706,3.9993,6.43,0,0,not significant
1303,91,1303-91,12064.92,12236.93,12064.92,12236.93,0,0,103.841,92.511,93.4952,86.207,10.3458,6.304,0,0,not significant
1303,95,1303-95,12064.92,12236.93,12064.92,12236.93,0,0,101.6405,93.0745,93.1154,87.789,8.5251,5.2855,0,0,not significant
1303,106,1303-106,12064.92,12236.93,12064.92,12236.93,0,0,98.3,94.1555,94.4526,88.326,3.8474,5.8295,0,0,not significant
1303,107,1303-107,12064.92,12236.93,12064.92,12236.93,0,0,102.827,91.612,93.437,95.4462,9.39,-3.8342,0,1,not significant
1303,115,1303-115,770057.29,1687746.31,770057.29,1683866.79,0,3879.52,2850.172,6176.4455,4157.5036,4096.3718,-1307.3316,2080.0737,1,0,not significant
1303,116,1303-116,771957.4,1842104.17,770217.68,1837700.01,1739.72,4404.16,2939.9185,6275.142,4219.7492,5661.7372,-1279.8307,613.4048,1,1,significant
1303,157,1303-157,12064.92,12236.93,12064.92,12236.93,0,0,99.1225,90.894,93.5542,85.0148,5.5683,5.8792,0,0,not significant
1303,159,1303-159,12064.92,12236.93,12064.92,12236.93,0,0,101.3735,93.868,93.1038,85.9012,8.2697,7.9668,0,0,not significant
1126,2,1126-2,7845.34,10896.82,12952.99,16004.48,-5107.65,-5107.66,180.2545,148.3735,276.0368,250.0504,-95.7823,-101.6769,0,0,not significant
1126,8,1126-8,4082.45,6674.03,4258.46,6850.04,-176.01,-176.01,82.524,107.8195,79.7466,126.3508,2.7774,-18.5313,1,1,significant
1126,10,1126-10,4082.45,6669.87,4258.46,6845.88,-176.01,-176.01,81.2155,104.395,77.6134,126.8406,3.6021,-22.4456,1,1,significant
1126,13,1126-13,7845.34,10892.66,12952.99,16000.32,-5107.65,-5107.66,197.9265,143.2665,275.332,250.7256,-77.4055,-107.4591,0,0,not significant
1126,17,1126-17,4082.45,6673.94,4258.46,6849.95,-176.01,-176.01,81.0925,107.7645,76.8362,125.9452,4.2563,-18.1807,1,1,significant
1126,40,1126-40,4082.45,6669.87,4258.46,6845.88,-176.01,-176.01,82.3415,107.673,77.1516,136.3284,5.1899,-28.6554,1,1,significant
1126,46,1126-46,4082.45,6669.87,4258.46,6845.88,-176.01,-176.01,81.173,110.127,76.5268,134.1494,4.6462,-24.0224,1,1,significant
1126,52,1126-52,4082.45,6669.87,4258.46,6845.88,-176.01,-176.01,81.0065,105.7695,76.9876,127.8608,4.0189,-22.0913,1,1,significant
1126,56,1126-56,4082.45,6673.94,4258.46,6849.95,-176.01,-176.01,81.12,107.397,76.7176,125.142,4.4024,-17.745,1,1,significant
1126,58,1126-58,4082.45,6669.87,4258.46,6845.88,-176.01,-176.01,83.8275,105.977,76.2338,125.0024,7.5937,-19.0254,1,1,significant
1126,60,1126-60,4082.45,6674.03,4258.46,6850.04,-176.01,-176.01,81.6895,108.8495,76.4628,125.5328,5.2267,-16.6833,1,1,significant
1126,135,1126-135,4082.45,6669.87,4258.46,6845.88,-176.01,-176.01,83.171,106.033,79.8608,125.3914,3.3102,-19.3584,1,1,significant
1126,138,1126-138,4082.45,6669.87,4258.46,6845.88,-176.01,-176.01,82.6955,106.6895,78.5234,125.7788,4.1721,-19.0893,1,1,significant
1126,178,1126-178,4082.45,6669.87,4258.46,6845.88,-176.01,-176.01,82.5855,105.8385,78.5788,125.9594,4.0067,-20.1209,1,1,significant
1126,188,1126-188,7845.34,10892.66,12952.99,16000.32,-5107.65,-5107.66,186.064,155.987,282.8302,250.8932,-96.7662,-94.9062,0,0,not significant
1126,190,1126-190,7845.34,10892.66,12952.99,16000.32,-5107.65,-5107.66,198.621,144.582,279.996,245.4088,-81.375,-100.8268,0,0,not significant
1126,196,1126-196,4082.45,6669.87,4258.46,6845.88,-176.01,-176.01,82.074,108.969,78.7992,126.3734,3.2748,-17.4044,1,1,significant
1126,197,1126-197,4082.45,6669.87,4258.46,6845.88,-176.01,-176.01,81.3615,107.8365,78.2852,124.0626,3.0763,-16.2261,1,1,significant
1126,198,1126-198,4082.45,6669.87,4258.46,6845.88,-176.01,-176.01,82.1215,109.8335,78.8766,124.1446,3.2449,-14.3111,1,1,significant
1126,200,1126-200,4082.45,6669.87,4258.46,6845.88,-176.01,-176.01,81.6355,106.5165,77.6018,124.2256,4.0337,-17.7091,1,1,significant
1126,203,1126-203,4082.45,6669.87,4258.46,6845.88,-176.01,-176.01,83.543,105.8255,78.0194,125.9592,5.5236,-20.1337,1,1,significant
1126,204,1126-204,4082.45,6669.87,4258.46,6845.88,-176.01,-176.01,83.1325,106.834,77.4572,124.4342,5.6753,-17.6002,1,1,significant
1126,214,1126-214,4082.45,6669.87,4258.46,6845.88,-176.01,-176.01,80.7175,110.271,78.8548,125.3248,1.8627,-15.0538,1,1,significant
1126,239,1126-239,4082.45,6674.03,4258.46,6850.04,-176.01,-176.01,81.918,106.5835,79.2136,127.3672,2.7044,-20.7837,1,1,significant
1126,241,1126-241,4082.45,6674.03,4258.46,6850.04,-176.01,-176.01,82.8835,106.3545,75.597,127.7308,7.2865,-21.3763,1,1,significant
1126,243,1126-243,4082.45,6674.03,4258.46,6850.04,-176.01,-176.01,81.8565,106.122,77.5856,127.5552,4.2709,-21.4332,1,1,significant
1126,248,1126-248,4082.45,6669.87,4258.46,6845.88,-176.01,-176.01,82.1375,105.6135,79.2074,125.9338,2.9301,-20.3203,1,1,significant
1126,251,1126-251,4082.45,6669.87,4258.46,6845.88,-176.01,-176.01,82.551,106.3625,77.7444,125.391,4.8066,-19.0285,1,1,significant
1308,2,1308-2,12040.82,23396.64,6858.54,12171.94,5182.28,11224.7,201.277,393.873,109.0064,256.4274,92.2706,137.4456,1,1,significant
1308,3,1308-3,12040.82,79243572.37,6858.54,62541952.09,5182.28,16701620.28,189.466,1381286.315,107.8954,1226568.091,81.5706,154718.224,1,1,significant
1308,4,1308-4,12040.82,12330.28,6858.54,6489.98,5182.28,5840.3,203.507,258.667,103.9496,113.3644,99.5574,145.3026,1,1,significant
1308,11,1308-11,12040.82,79233662.35,6858.54,62537514.61,5182.28,16696147.74,194.199,1452075.08,104.0984,1225217.429,90.1006,226857.651,1,1,significant
1308,13,1308-13,12040.82,79233662.35,6858.54,62537514.61,5182.28,16696147.74,201.145,1411545.934,114.316,1227589.425,86.829,183956.509,1,1,significant
1308,14,1308-14,12040.82,79233662.35,6858.54,62537514.61,5182.28,16696147.74,195.832,1444825.247,107.9624,1225100.909,87.8696,219724.338,1,1,significant
1308,22,1308-22,13979.7,14339.66,7434.38,7747.34,6545.32,6592.32,267.936,278.579,157.8426,124.5356,110.0934,154.0434,1,0,not significant
1308,23,1308-23,13979.7,14339.66,7434.38,7747.34,6545.32,6592.32,291.654,276.268,158.3426,139.6762,133.3114,136.5918,0,0,not significant
1308,25,1308-25,12290.82,12550.2,7108.54,6615.9,5182.28,5934.3,232.016,242.396,109.2056,100.4722,122.8104,141.9238,1,0,not significant
1308,30,1308-30,17725.54,19891.5,8527.24,15219.33,9198.3,4672.17,287.004,267.309,279.7118,223.2154,7.2922,44.0936,0,0,not significant
1308,33,1308-33,12040.82,12330.28,6858.54,6489.98,5182.28,5840.3,204.537,224.061,103.3096,115.2134,101.2274,108.8476,1,1,significant
1308,35,1308-35,12040.82,12330.28,6858.54,6489.98,5182.28,5840.3,199.802,220.999,104.2918,113.2128,95.5102,107.7862,1,1,significant
1308,47,1308-47,12040.82,12330.28,6858.54,6489.98,5182.28,5840.3,198.014,242.618,103.5726,100.9828,94.4414,141.6352,1,0,not significant
1308,52,1308-52,12040.82,12330.28,6858.54,6489.98,5182.28,5840.3,202.762,222.197,103.542,112.0204,99.22,110.1766,1,1,significant
1308,54,1308-54,12040.82,12330.28,6858.54,6489.98,5182.28,5840.3,195.989,229.171,104.5594,113.9358,91.4296,115.2352,1,1,significant
1308,55,1308-55,13979.7,14339.66,7434.38,7747.34,6545.32,6592.32,216.656,283.695,157.687,140.637,58.969,143.058,1,0,not significant
1308,77,1308-77,13979.7,14339.66,7434.38,7747.34,6545.32,6592.32,268.667,277.225,158.886,123.4198,109.781,153.8052,1,0,not significant
1308,85,1308-85,12040.82,79233662.35,6858.54,62537514.61,5182.28,16696147.74,190.262,1146157.859,103.4946,1220206.09,86.7674,-74048.231,1,1,significant
1308,88,1308-88,12040.82,79233662.35,6858.54,62537514.61,5182.28,16696147.74,197.945,1509505.213,105.6374,1219179.057,92.3076,290326.156,1,1,significant
1308,99,1308-99,12040.82,12330.28,6858.54,6489.98,5182.28,5840.3,197.719,245.134,103.414,114.7098,94.305,130.4242,1,1,significant
1308,103,1308-103,13979.7,14339.66,7434.38,7747.34,6545.32,6592.32,301.674,282.371,156.6368,140.4166,145.0372,141.9544,0,0,not significant
1308,121,1308-121,12040.82,79233662.35,6858.54,62537514.61,5182.28,16696147.74,189.373,1420884.449,104.0644,1227468.048,85.3086,193416.401,1,1,significant
1308,122,1308-122,12040.82,79233662.35,6858.54,62537514.61,5182.28,16696147.74,197.16,1510146.913,105.1034,1229272.194,92.0566,280874.719,1,1,significant
1308,138,1308-138,12040.82,79233662.35,6858.54,62537514.61,5182.28,16696147.74,200.252,1464765.013,104.3198,1230000.913,95.9322,234764.1,1,1,significant
1308,170,1308-170,12040.82,12330.28,6858.54,6489.98,5182.28,5840.3,199.122,264.875,104.4116,114.4736,94.7104,150.4014,1,1,significant
1308,191,1308-191,12290.82,12550.2,7108.54,6615.9,5182.28,5934.3,226.337,249.558,102.4028,112.7964,123.9342,136.7616,1,1,significant
1308,202,1308-202,12040.82,12330.28,6858.54,6489.98,5182.28,5840.3,201.885,238.478,103.2744,113.262,98.6106,125.216,1,1,significant
1308,214,1308-214,12040.82,12330.28,6858.54,6489.98,5182.28,5840.3,190.101,198.866,103.0612,100.793,87.0398,98.073,1,0,not significant
1308,219,1308-219,13979.7,14339.66,7434.38,7747.34,6545.32,6592.32,308.847,284.497,157.918,139.9224,150.929,144.5746,0,0,not significant
1308,249,1308-249,12040.82,12330.28,6858.54,6489.98,5182.28,5840.3,258.592,257.471,104.6348,114.0038,153.9572,143.4672,0,1,significant
1308,254,1308-254,13979.7,14339.66,7434.38,7747.34,6545.32,6592.32,260.831,243.757,156.246,139.4886,104.585,104.2684,0,0,not significant
1308,255,1308-255,13979.7,14339.66,7434.38,7747.34,6545.32,6592.32,273.688,283.648,156.9902,137.7004,116.6978,145.9476,1,0,not significant
1308,258,1308-258,12040.82,13040.82,6858.54,7858.54,5182.28,5182.28,196.435,218.47,104.8274,110.1072,91.6076,108.3628,1,1,significant
1308,283,1308-283,12040.82,79233662.35,6858.54,62537514.61,5182.28,16696147.74,208.794,1504794.095,103.7664,1220071.295,105.0276,284722.8,1,1,significant
1308,294,1308-294,12040.82,79233662.35,6858.54,62537514.61,5182.28,16696147.74,202.77,1518881.286,102.5972,1229905.05,100.1728,288976.236,1,1,significant
1308,307,1308-307,12040.82,79233662.35,6858.54,62537514.61,5182.28,16696147.74,248.788,1233123.482,102.5252,1231126.79,146.2628,1996.692,1,1,significant
1308,309,1308-309,12040.82,79233662.35,6858.54,62537514.61,5182.28,16696147.74,197.022,1463035.964,104.7582,1224322.25,92.2638,238713.714,1,1,significant
1308,311,1308-311,12040.82,79233662.35,6858.54,62537514.61,5182.28,16696147.74,198.728,1135219.666,102.3484,1229403.99,96.3796,-94184.324,1,1,significant
1308,314,1308-314,12040.82,79233662.35,6858.54,62537514.61,5182.28,16696147.74,233.644,1216375.528,101.074,1220312.66,132.57,-3937.132,1,1,significant
,,Median,3283.5,10887.34,3283.5,10827.77,0,0,81.0065,116.0645,76.5268,125.5328,4.2563,3.556,,,
,,Avg,12364.78409,3093286.362,11796.7,2455367.457,568.0840874,637918.905,129.6303496,54022.67093,117.6584931,47774.35973,11.97185656,6248.311197,,,
